City in 2050,Today city 1 name,Today city 1 value,Today city 2 name,Today city 2 value,Today city 3 name,Today city 3 value
Accra,Barranquilla,0.5,Accra,0.6,Maracaibo,0.6
Ad Damman,Dubai,0.2,Doha,0.3,Abu Dhabi,0.4
Adana,Nicosia,0.9,Irbil,0.9,Mosul,1.0
Addis Ababa,Addis Ababa,0.6,Maputo,0.8,Brasilia,0.8
Adelaide,Tunis,0.3,Algiers,0.4,Athens,0.6
Agana,Port Harcourt,0.5,Colombo,0.5,Semarang,0.6
Aguascalientes,Gaborone,0.6,Irbil,0.6,Torreon,0.7
Ahmedabad,Ahmedabad,0.9,Ndjamena,1.2,Niamey,1.2
Ahvaz,Ahvaz,1.0,Basra,1.2,Kuwait,1.5
Al Hudaydah,Djibouti,0.9,Al Hudaydah,1.0,Muscat,1.0
Aleppo,Mosul,0.4,Bir Lehlou,0.5,San Bernardino,0.5
Alexandria,Alexandria,0.6,Gaza,0.7,Taizz,0.9
Algiers,Perth,0.6,Tunis,0.7,Algiers,0.7
Almaty,Almaty,0.5,Bishkek,0.6,Yerevan,0.8
Amman,Nicosia,0.5,Los Angeles,0.6,Torreon,0.6
Amsterdam,Paris,0.6,Rotterdam,0.7,Cardiff,0.7
Andorra,San Marino,0.4,Canberra,0.5,Milan,0.6
Ankara,Tashkent,0.5,Ashgabat,0.6,Gaziantep,0.7
Antalya,Monterrey,1.0,Merida,1.1,Juba,1.3
Antananarivo,Antananarivo,0.5,Belo Horizonte,0.7,Hanoi,0.9
Arequipa,Arequipa,0.8,Amman,1.0,Windhoek,1.1
Ashgabat,Quetta,0.5,Qom,0.5,Kermanshah,0.6
Asmara,Asmara,0.5,Lusaka,0.6,Dodoma,0.9
Astana,Urumqi,0.4,Astana,0.9,Calgary,1.0
Asuncion,Tampa,0.8,Orlando,0.9,Asuncion,1.1
Athens,Taizz,0.5,Fez,0.5,Adana,0.6
Atlanta,Memphis,0.9,Atlanta,1.0,Nashville,1.2
Auckland,Sydney,0.6,Auckland,0.7,Buenos Aires,0.8
Austin,Peshawar,1.3,Irbil,1.3,San Antonio,1.4
Baghdad,Basra,0.4,Ahvaz,0.4,Baghdad,0.9
Baguio City,Kaohsiung,1.1,Tainan,1.2,Baguio City,1.5
Baku,Athens,0.4,Tunis,0.6,Madrid,0.7
Baltimore,Nashville,0.5,Charlotte,0.6,Memphis,0.7
Bamako,Bamako,0.8,Ouagadougou,0.8,Niamey,0.8
Bandar Lampung,Manaus,0.6,Jakarta,0.7,Medan,0.9
Bandar Seri Begawan,Melekeok,0.6,Bogor,1.2,Bandar Seri Begawan,1.4
Bandung,Belmopan,0.4,Bandung,0.5,Miami,0.8
Bangalore,Mandalay,0.4,Hyderabad,0.5,Kaduna,0.7
Bangkok,Chennai,0.3,Bangkok,0.7,Abuja,1.0
Bangui,Teresina,0.8,Bangui,0.8,Mbuji-Mayi,1.0
Banja Luka,Dallas,0.5,Louisville,0.7,Austin,0.8
Banjul,Bamako,1.0,Kano,1.0,Kaduna,1.1
Barcelona,Adelaide,0.6,Lisbon,0.6,Algiers,0.7
Barquisimeto,Djibouti,0.8,Al Hudaydah,0.8,Valencia,1.1
Barranquilla,Maracaibo,0.9,Dili,1.1,Managua,1.1
Basra,Medina,0.7,Kuwait,0.7,Ahvaz,0.8
Basseterre,Saint John's,0.4,Kingston,0.4,Port-of-Spain,0.5
Batumi,Batumi,0.9,Joinville,1.3,Curitiba,1.5
Beijing,Beijing,0.9,Zibo,1.0,Tianjin,1.0
Beirut,Valencia,0.6,Bangalore,0.6,Mandalay,0.7
Belem,Jakarta,1.0,Paramaribo,1.2,Sao Luis,1.3
Belfast,Cardiff,0.2,Glasgow,0.5,Birmingham,0.6
Belgrade,San Antonio,0.6,Austin,0.7,Bursa,0.9
Belmopan,Santo Domingo,0.3,Bangui,0.6,Belmopan,0.7
Belo Horizonte,Belo Horizonte,0.4,Rajshahi,0.5,Kolkata,0.6
Benin City,Sao Luis,0.7,Benin City,0.8,Panama City,0.9
Benoni,Puebla,0.4,Benoni,0.4,Sucre,0.6
Berlin,Canberra,0.3,Rostov,0.6,San Marino,0.7
Bern,Milan,0.3,San Marino,0.3,Canberra,0.7
Bir Lehlou,Kuwait,0.3,Medina,0.4,Basra,0.7
Birmingham,Paris,0.6,London,0.7,Lyon,0.7
Bishkek,Tashkent,0.2,Gaziantep,0.6,Dushanbe,0.7
Bissau,Bissau,0.6,Surat,0.9,Banjul,1.0
Bloemfontein,Dushanbe,0.5,Vereeniging,0.5,Bloemfontein,0.5
Bogor,Bogor,0.9,Bandar Seri Begawan,1.1,Melekeok,1.2
Bogota,Quito,0.3,Porto,0.4,Ponta Delgada,0.6
Boston,Charlotte,0.5,Atlanta,0.5,Nashville,0.6
Brasilia,Goiania,0.3,Kinshasa,0.5,Cuiaba,0.5
Bratislava,Canberra,0.7,Skopje,0.8,Tbilisi,0.9
Brazzaville,Bangkok,0.5,Kinshasa,0.5,San Salvador,0.6
Bridgeport,Virginia Beach,0.5,Providence,0.5,Boston,0.6
Bridgetown,Kumasi,0.2,Yamoussoukro,0.3,Mbuji-Mayi,0.5
Brisbane,Campinas,0.6,Tampa,0.7,Orlando,0.7
Brussels,San Marino,0.7,Canberra,0.7,Montevideo,0.7
Bucaramanga,Cebu,0.6,Havana,0.7,Zamboanga,0.7
Bucharest,Almaty,0.7,Bishkek,1.0,Dallas,1.1
Budapest,Skopje,0.5,Bursa,0.8,Canberra,0.8
Buenos Aires,Sydney,0.5,Podgorica,0.7,Tirana,0.8
Buffalo,Louisville,0.5,"Washington, DC",0.6,Providence,0.6
Bujumbura,Port-au-Prince,0.6,Bujumbura,0.6,Ogbomosho,0.7
Bursa,Adana,0.8,Fez,0.9,San Antonio,0.9
Busan,Busan,0.6,Hiroshima,0.9,Fukuoka,1.0
Cairo,Ad Damman,0.6,Riyadh,0.8,Doha,0.8
Calgary,Lanzhou,0.9,Calgary,1.0,Denver,1.0
Cali,Bangui,0.7,Cebu,0.8,Kampala,0.9
Campinas,Brisbane,0.3,Campinas,0.3,Nanning,0.6
Canberra,Bursa,0.8,Skopje,0.8,Dallas,1.0
Cape Town,Perth,0.4,Algiers,0.7,Tunis,0.7
Caracas,Beirut,0.4,Perth,0.5,Valencia,0.7
Cardiff,Montevideo,0.9,Cardiff,0.9,Seattle,1.0
Cartagena,Maracaibo,0.7,Barranquilla,0.8,Dili,0.8
Casablanca,Tripoli,0.3,Tijuana,0.4,San Diego,0.5
Castries,Recife,0.5,Maceio,0.5,Saint George's,0.5
Cebu,Cebu,0.7,Paramaribo,0.8,Bangui,0.8
Changchun,Shenyeng,0.6,Changchun,0.7,Jilin,0.9
Changsha,Nanchang,0.7,Osaka,0.9,Wuhan,1.0
Charlotte,Memphis,0.7,Nashville,0.8,Atlanta,0.8
Chelyabinsk,Minneapolis,0.6,Calgary,0.7,Urumqi,0.9
Chengdu,Chengdu,0.8,Thimphu,0.9,Antananarivo,0.9
Chennai,Chennai,0.7,Kaduna,1.2,Abuja,1.3
Chicago,St. Louis,0.5,Kansas City,0.7,Cincinnati,0.8
Chisinau,Skopje,0.6,Canberra,0.7,Tbilisi,0.8
Chittagong,Tainan,1.3,Kaohsiung,1.4,Chittagong,1.5
Chongqing,Mbabane,0.5,Campinas,0.7,Brisbane,0.7
Cincinnati,Nashville,0.6,Charlotte,0.7,Louisville,0.7
Ciudad Juarez,Kermanshah,0.6,Shiraz,0.7,Quetta,0.9
Cleveland,Louisville,0.5,"Washington, DC",0.6,Richmond,0.6
Cologne,San Marino,0.4,Milan,0.6,Canberra,0.6
Colombo,Colombo,0.5,Port Harcourt,0.8,Sri Jawewardenepura Kotte,0.9
Columbus,Louisville,0.8,Richmond,0.8,Charlotte,0.9
Conakry,Conakry,0.6,Monrovia,1.9,Freetown,2.5
Cordoba,Pretoria,0.5,Vereeniging,0.8,Lobamba,0.8
Cotonou,Ho Chi Minh City,0.5,Fortaleza,0.5,Cotonou,0.7
Cuiaba,Abuja,0.7,Merida,0.7,Ilorin,0.7
Curitiba,Curitiba,0.6,Florianopolis,0.7,Sydney,0.9
Daegu,Daegu,0.6,Ulsan,0.8,Gwangju,0.9
Daejeon,Daejeon,0.6,Gwangju,0.8,Suwon,0.9
Dakar,Praia,0.7,Dakar,0.7,Luanda,1.0
Dalian,Qingdao,0.5,Dalian,0.6,Jinan,0.9
Dallas,Austin,1.3,San Antonio,1.3,Peshawar,1.4
Damascus,Bir Lehlou,0.4,San Bernardino,0.6,Mosul,0.7
Dar es Salaam,Dar es Salaam,0.4,Phnom Penh,0.5,Barquisimeto,0.5
Davao,Paramaribo,0.7,Davao,0.9,Jakarta,0.9
Delhi,Kanpur,0.4,Lucknow,0.5,Indore,0.8
Denver,Denver,1.1,Almaty,1.1,Bishkek,1.1
Detroit,"Washington, DC",0.7,St. Louis,0.8,Richmond,0.9
Dhaka,Dhaka,0.7,Khulna,1.4,Malang,1.4
Dili,Maracaibo,0.4,Dili,0.5,Barranquilla,0.5
Djibouti,Djibouti,0.9,Al Hudaydah,1.1,Jeddah,1.4
Dnipro,Skopje,0.6,Canberra,0.8,Tbilisi,1.0
Dodoma,Hyderabad,0.6,Karachi,0.7,Pune,0.7
Doha,Makkah,0.5,Dubai,0.6,Doha,0.7
Dongguan,Shenzhen,0.7,Taichung,0.9,Hanoi,1.0
Douala,Monrovia,1.7,Freetown,1.9,Douala,1.9
Dubai,Khartoum,0.7,Dubai,0.7,Makkah,0.8
Dublin,Cardiff,0.6,Paris,0.6,Leeds,0.6
Durban,Durban,0.4,Kigali,0.5,Xiamen,0.7
Dushanbe,Irbil,0.2,Mosul,0.4,San Bernardino,0.7
Edinburgh,London,0.3,Paris,0.3,Lille,0.5
Edmonton,Calgary,0.8,Minneapolis,0.8,Lanzhou,1.0
Faisalabad,Lahore,0.5,Faisalabad,0.5,Gujranwala,0.7
Fez,Mosul,0.4,Irbil,0.6,San Bernardino,0.7
Florianopolis,Hamilton,0.5,Nukualofa,0.8,Joinville,0.9
Fortaleza,Managua,0.5,Fortaleza,0.6,Cotonou,0.7
Freetown,Conakry,0.8,Monrovia,1.3,Freetown,2.0
Fukuoka,Hiroshima,0.7,Nanchang,0.7,Fukuoka,0.7
Funchal,Funchal,0.6,Rabat,0.8,Casablanca,1.0
Fuzhou,Nanning,0.3,Brisbane,0.3,Sao Paulo,0.4
Gaborone,Gaborone,0.2,Leon,0.6,Irbil,0.7
Gaza,Gaza,0.5,Alexandria,0.6,Tel Aviv-Yafo,0.7
Gaziantep,Irbil,0.5,Mosul,0.5,San Bernardino,0.6
George Town,Porto-Novo,0.3,Cotonou,0.4,Phnom Penh,0.5
Georgetown,Georgetown,0.7,Surabaya,0.8,Paramaribo,0.8
Glasgow,Glasgow,0.5,Cardiff,0.5,Rotterdam,0.8
Goiania,Cuiaba,0.7,Merida,0.7,Kananga,0.8
Goyang,Seoul,0.9,Suwon,1.0,Goyang,1.2
Grand Turk,Willemstad,0.5,Barranquilla,0.6,Grand Turk,0.6
Guadalajara,Lahore,0.7,Delhi,0.9,New Delhi,0.9
Guangzhou,Shenzhen,0.8,Taichung,0.8,Hanoi,0.9
Guatemala,Tegucigalpa,0.5,Maputo,0.6,Brasilia,0.8
Guayaquil,Naypyidaw,0.9,Bangkok,1.0,Chennai,1.0
Guiyang,Mbabane,0.5,Nanchong,0.6,Chongqing,0.7
Gujranwala,Lahore,0.6,Gujranwala,0.7,Delhi,0.9
Gwangju,Gwangju,0.6,Ulsan,0.9,Daejeon,1.0
Haifa,Tel Aviv-Yafo,0.7,Haifa,0.7,Taizz,0.7
Haiphong,Haiphong,0.6,Shenzhen,0.8,Dhaka,0.8
Hamburg,San Marino,0.3,Lyon,0.5,Canberra,0.6
Hamilton,Hamilton,0.6,Nukualofa,0.9,Florianopolis,1.1
Hangzhou,Osaka,0.7,Changsha,0.8,Nanchang,0.8
Hanoi,Dhaka,0.6,Haiphong,0.8,Shenzhen,0.9
Harare,Lilongwe,0.3,Lusaka,0.6,Lubumbashi,0.6
Harbin,Jilin,0.8,Changchun,0.9,Harbin,1.0
Hargeysa,Taizz,0.4,Los Angeles,0.6,Hargeysa,0.7
Hartford,Richmond,0.4,Baltimore,0.6,"Washington, DC",0.7
Havana,Yamoussoukro,0.4,Mbuji-Mayi,0.5,Kumasi,0.5
Helsinki,Bratislava,0.3,Vienna,0.3,Budapest,0.3
Hims,Nicosia,0.3,Los Angeles,0.6,Hims,0.6
Hiroshima,Nanchang,0.3,Fukuoka,0.8,Kyoto,0.8
Ho Chi Minh City,Chennai,0.7,Bangkok,0.8,Phnom Penh,0.9
Hong Kong,Hong Kong,0.5,Dhaka,1.1,Macau,1.1
Honiara,Colombo,0.7,Semarang,0.9,Papeete,1.0
Houston,Houston,0.6,Jacksonville,0.8,Podgorica,1.0
Huambo,Huambo,0.5,Rajshahi,0.9,Goiania,0.9
Hyderabad,Bamako,0.5,Ouagadougou,0.6,Kano,0.8
Hyderabad1,Hyderabad1,0.6,Khartoum,0.6,Riyadh,0.8
Ibadan,Ibadan,0.4,Mbuji-Mayi,0.5,Abuja,0.6
Ilorin,Teresina,0.6,Abuja,0.7,Ilorin,0.8
Incheon,Suwon,0.5,Seoul,0.5,Daejeon,0.6
Indianapolis,Louisville,0.8,Richmond,0.8,Charlotte,0.9
Indore,Kanpur,0.7,Ahmedabad,0.8,Indore,0.8
Irbil,Ahvaz,0.7,Basra,0.8,Baghdad,0.8
Isfahan,Mexicali,0.6,Shiraz,0.7,Phoenix,0.7
Islamabad,Islamabad,0.7,Rawalpindi,0.8,Lucknow,1.3
Istanbul,Rome,0.6,Vatican City,0.7,San Francisco,0.8
Izmir,Hargeysa,0.8,Adana,0.8,Los Angeles,0.9
Jacksonville,Jacksonville,0.4,Orlando,0.8,Houston,0.9
Jaipur,Ahmedabad,0.8,Maiduguri,0.9,Kanpur,0.9
Jakarta,Sao Luis,0.8,Benin City,1.0,Jakarta,1.0
Jeddah,Makkah,0.9,Khartoum,1.0,Dubai,1.0
Jerusalem,Los Angeles,0.2,Hargeysa,0.3,Leon,0.7
Jilin,Jilin,0.8,Changchun,0.9,Shenyeng,1.0
Jinan,Zibo,1.0,Zhengzhou,1.0,Shijianzhuang,1.0
Jinxi,Beijing,0.5,Zibo,0.6,Tianjin,0.6
Joao Pessoa,Benin City,0.4,Surabaya,0.6,Joao Pessoa,0.7
Johannesburg,Puebla,0.4,Cordoba,0.5,Sucre,0.6
Johor Bahru,Pekanbaru,0.4,Kuala Lumpur,0.7,Singapore,0.9
Joinville,Joinville,0.6,Nukualofa,0.8,Florianopolis,1.1
Juba,Juba,0.9,Ilorin,1.6,Teresina,1.6
Kabul,Ciudad Juarez,0.4,Kermanshah,0.5,Quetta,0.5
Kaduna,Teresina,0.8,Abuja,0.9,Ilorin,1.2
Kampala,Kampala,0.3,Vitoria,0.6,San Juan,0.8
Kananga,Benin City,0.6,Santo Domingo,0.7,Belmopan,0.7
Kano,Indore,0.6,Ahmedabad,0.6,Bamako,0.7
Kanpur,Ahmedabad,0.8,Kanpur,0.8,Indore,0.8
Kansas City,Kansas City,1.1,Dallas,1.2,Maseru,1.3
Kaohsiung,Tainan,0.9,Kaohsiung,1.0,Dhaka,1.5
Karachi,Karachi,0.4,Nouakchott,0.5,Jeddah,1.0
Karaj,Quetta,0.3,Qom,0.3,Kermanshah,0.5
Kathmandu,Kathmandu,0.3,Antananarivo,1.6,Shenzhen,1.6
Kazan,Bucharest,0.6,Milwaukee,0.7,Detroit,0.9
Kelang,Medan,0.6,Putrajaya,0.6,Kelang,0.7
Kermanshah,Kermanshah,0.6,Shiraz,0.7,Phoenix,0.7
Kharkiv,Bucharest,0.5,Pristina,0.6,Belgrade,0.7
Khartoum,Khartoum,0.8,Ndjamena,1.2,Niamey,1.2
Khulna,Khulna,0.8,Vientiane,0.9,Kolkata,1.1
Kiev,Canberra,0.5,Belgrade,0.7,Rostov,0.7
Kigali,Bujumbura,0.4,Maracay,0.5,Valencia,0.6
Kingston,Barranquilla,0.3,Accra,0.4,Lome,0.4
Kingstown,Maceio,0.4,Joao Pessoa,0.4,Saint George's,0.5
Kinshasa,Bangkok,0.5,San Salvador,0.5,Kinshasa,0.5
Kobenhavn,Paris,0.4,Lyon,0.5,London,0.5
Kolkata,Kolkata,0.7,Rajshahi,0.8,Vientiane,0.9
Konya,Tashkent,0.3,Ashgabat,0.5,Mashhad,0.6
Kuala Lumpur,Pekanbaru,0.7,Kuala Lumpur,0.7,Palembang,0.7
Kumasi,Mbuji-Mayi,0.4,Bangui,0.4,Ibadan,0.5
Kunming,Nanchong,0.4,Thimphu,0.5,Chengdu,0.5
Kuwait,Medina,0.6,Riyadh,0.7,Kuwait,0.8
Kyoto,Nagoya,0.7,Hiroshima,0.8,Nanchang,0.8
La Paz,Toluca,0.8,Johannesburg,0.8,Benoni,0.9
Laayoune,Alexandria,0.7,Laayoune,0.8,Gaza,0.9
Lagos,Panama City,0.6,Sao Luis,0.8,Surabaya,0.8
Lahore,Delhi,0.7,New Delhi,0.7,Lahore,0.8
Lanzhou,Taiyuan,0.9,Lanzhou,1.0,Denver,1.1
Las Vegas,Phoenix,0.3,Mexicali,0.5,Baghdad,0.9
Leeds,Melbourne,0.7,Paris,0.8,London,0.8
Leon,Leon,0.6,Gaborone,0.7,Irbil,0.8
Libreville,Libreville,0.9,Baguio City,1.9,Dhaka,1.9
Lille,Lyon,0.8,Paris,0.9,San Marino,0.9
Lilongwe,Lubumbashi,0.4,Pune,0.5,Lusaka,0.5
Lima,Laayoune,0.6,Casablanca,0.9,Tripoli,1.0
Lisbon,Perth,0.4,Valletta,0.5,Cape Town,0.7
Ljubljana,Virginia Beach,0.2,Charlotte,0.7,Louisville,0.7
Lobamba,Campinas,0.6,Brasilia,0.7,Huambo,0.8
Lome,Managua,0.6,Barranquilla,0.7,Mombasa,0.7
London,Istanbul,0.7,Melbourne,0.7,Monaco,0.8
Los Angeles,Los Angeles,0.5,Taizz,0.6,Hargeysa,0.6
Louisville,Nashville,0.8,Memphis,0.9,Dallas,1.0
Luanda,Luanda,0.1,Guatemala,1.2,Guayaquil,1.3
Lubumbashi,Patna,0.4,Guadalajara,0.6,Lubumbashi,0.6
Lucknow,Kanpur,0.5,Lucknow,0.8,Indore,0.8
Lusaka,Pune,0.4,Lubumbashi,0.5,Lusaka,0.6
Luxembourg,Montevideo,0.6,Canberra,0.7,San Marino,0.7
Lyon,Canberra,0.6,Skopje,0.8,Bursa,1.0
Macau,Shenzhen,0.4,Haiphong,0.5,Macau,0.6
Maceio,Recife,0.4,Lagos,0.5,Natal,0.6
Madrid,Marrakesh,0.7,Tehran,0.7,Fez,0.7
Maiduguri,Ahmedabad,0.5,Maiduguri,0.5,Indore,0.7
Makkah,Makkah,0.7,Dubai,1.3,Khartoum,1.4
Malabo,Port Harcourt,0.5,Semarang,0.6,Manaus,0.7
Malang,Kinshasa,0.7,San Salvador,0.7,Cuiaba,0.8
Managua,Chennai,0.8,Naypyidaw,1.1,Kaduna,1.1
Manaus,Surabaya,1.0,Benin City,1.0,Paramaribo,1.0
Manchester,Montevideo,0.7,Lyon,0.9,Melbourne,1.0
Mandalay,Hyderabad,0.6,Zaria,0.7,Kaduna,0.8
Manila,Rangoon,0.8,Manila,0.8,Bissau,1.3
Maputo,Brasilia,0.7,Goiania,0.7,Naypyidaw,0.8
Maracaibo,Maracaibo,1.0,Mogadishu,1.1,Djibouti,1.1
Maracay,Mandalay,0.6,Hyderabad,0.7,Merida,1.0
Mariehamn,Vienna,0.4,Budapest,0.4,Berlin,0.6
Marrakesh,Bir Lehlou,0.4,Mexicali,0.6,Kuwait,0.7
Marseille,Athens,0.6,Vatican City,0.6,Rome,0.6
Maseru,Vereeniging,0.3,Maseru,0.4,Bloemfontein,0.6
Mashhad,Quetta,0.2,Qom,0.3,Isfahan,0.4
Mbabane,Mbabane,0.5,Brisbane,0.6,Nanning,0.6
Mbuji-Mayi,Abuja,0.7,Teresina,0.8,Mbuji-Mayi,0.8
Medan,Manaus,0.6,Medan,0.8,Putrajaya,0.9
Medellin,San Juan,0.5,Cali,0.5,Kampala,0.6
Medina,Medina,1.0,Ahvaz,1.2,Basra,1.3
Melbourne,Port Elizabeth,0.4,Rome,0.6,Vatican City,0.7
Melekeok,Melekeok,0.9,Pago Pago,1.2,Bogor,1.7
Memphis,Houston,1.2,Memphis,1.3,Atlanta,1.4
Mendoza,Gaziantep,0.3,Tashkent,0.5,Mashhad,0.5
Merida,Merida,0.5,Ilorin,0.6,Port-au-Prince,0.7
Mexicali,Basra,0.4,Baghdad,0.6,Ahvaz,0.6
Mexico City,Gaborone,0.4,Leon,0.5,Queretaro,0.6
Miami,Rio de Janeiro,0.3,Vitoria,0.4,Havana,0.4
Milan,Dallas,0.6,Tirana,0.7,Austin,0.8
Milwaukee,Columbus,0.6,St. Louis,0.6,Pittsburgh,0.7
Minneapolis,Kansas City,0.6,Denver,1.1,Chicago,1.2
Minsk,Sofia,0.4,Pristina,0.4,Belgrade,0.5
Mogadishu,Maracaibo,0.4,Oranjestad,0.6,Mogadishu,0.6
Mombasa,Phnom Penh,0.2,Porto-Novo,0.4,Ibadan,0.6
Monaco,Rome,0.4,Vatican City,0.5,Adelaide,0.6
Monrovia,Monrovia,1.0,Conakry,1.6,Freetown,3.3
Monterrey,Monterrey,0.6,Leon,0.8,Gaborone,0.9
Montevideo,Sydney,0.6,Tirana,0.8,Montevideo,0.8
Montreal,Cincinnati,0.2,"Washington, DC",0.5,Baltimore,0.5
Moscow,Detroit,0.5,Sofia,0.5,Pristina,0.5
Mosul,Ahvaz,0.5,Basra,0.6,Baghdad,0.9
Multan,Baghdad,0.5,Kuwait,0.5,Multan,0.6
Mumbai,Mumbai,2.2,Chittagong,2.4,Kaohsiung,2.5
Munich,Milan,0.5,Turin,0.6,Zagreb,0.8
Muscat,Jeddah,0.7,Muscat,1.2,Nouakchott,1.2
Nagoya,Nanchang,0.4,Kyoto,0.6,Fukuoka,0.7
Nagpur,Kanpur,0.9,Nagpur,1.1,Indore,1.1
Nairobi,Maputo,0.3,Beirut,0.5,Tegucigalpa,0.6
Nampo,Goyang,0.6,Nampo,0.6,Pyongyang,0.7
Nanchang,Bursa,0.9,San Antonio,0.9,Rosario,0.9
Nanchong,Mbabane,0.3,Chongqing,0.8,Nanchong,0.8
Nanjing,Osaka,0.5,Nanjing,0.7,Wuhan,0.8
Nanning,Guangzhou,0.5,Nanning,0.5,Dongguan,0.6
Nashville,Nashville,1.3,Memphis,1.3,Atlanta,1.5
Natal,Phnom Penh,0.3,Porto-Novo,0.4,Cotonou,0.6
Naypyidaw,Kaduna,0.8,Bamako,0.9,Zaria,0.9
Ndjamena,Ndjamena,0.8,Niamey,0.8,Maiduguri,0.9
New Delhi,Kanpur,0.5,Delhi,0.7,Indore,0.7
New Orleans,New Orleans,0.8,Houston,1.0,Jacksonville,1.2
New York,Virginia Beach,0.6,Baltimore,0.7,New York,0.8
Niamey,Niamey,0.8,Ndjamena,0.8,Maiduguri,1.0
Nicosia,Mosul,0.5,Nicosia,0.6,San Bernardino,0.6
Nizhny Novgorod,Bucharest,0.4,Chisinau,0.5,Sofia,0.5
Nouakchott,Khartoum,0.8,Dubai,0.9,Nouakchott,0.9
Noumea,Rio de Janeiro,0.6,Kigali,0.7,Vitoria,0.7
Novi Sad,Dallas,0.9,Austin,1.0,Skopje,1.0
Novosibirsk,Urumqi,0.7,Minneapolis,0.9,Astana,1.0
Nukualofa,Papeete,0.6,Nukualofa,0.6,Roseau,0.6
Ogbomosho,Abuja,0.4,Ilorin,0.5,Ibadan,0.6
Omsk,Urumqi,0.5,Samara,0.9,Calgary,1.0
Oran,Casablanca,0.4,Rabat,0.5,Valletta,0.6
Oranjestad,Oranjestad,0.4,Mogadishu,0.4,Willemstad,0.7
Orlando,Orlando,0.6,Tampa,0.7,Jacksonville,0.7
Osaka,Changsha,0.5,Hangzhou,0.6,Nanchang,0.7
Oslo,Bratislava,0.2,Vienna,0.4,Zagreb,0.4
Ottawa,Columbus,0.3,Pittsburgh,0.3,Indianapolis,0.3
Ouagadougou,Bamako,0.6,Ouagadougou,0.6,Niamey,0.7
Padang,Bandar Seri Begawan,1.0,Bogor,1.1,Padang,1.3
Pago Pago,Pago Pago,0.9,Melekeok,1.3,Bogor,1.7
Palembang,Palembang,0.9,Belem,1.0,Medan,1.0
Palikir,Palikir,2.4,Padang,3.9,Bandar Seri Begawan,4.4
Panama City,Surabaya,0.3,Lagos,0.7,Bangui,0.9
Papeete,Port Moresby,0.6,Yaounde,0.7,George Town,0.7
Paramaribo,Surabaya,0.5,Bangui,0.5,Cebu,0.7
Paris,Canberra,0.7,Istanbul,0.9,Bursa,0.9
Patna,Nagpur,0.6,Patna,1.0,Lucknow,1.0
Pekanbaru,Palembang,0.7,Pekanbaru,0.7,Kuala Lumpur,0.7
Perm,Milwaukee,0.6,Dnipro,0.7,Toronto,0.7
Perth,Taizz,0.6,Antalya,0.6,Izmir,0.8
Peshawar,Irbil,0.4,Mosul,0.5,Peshawar,0.7
Philadelphia,Richmond,0.5,Charlotte,0.6,Louisville,0.6
Phnom Penh,Phnom Penh,0.5,Bangkok,0.7,Chennai,0.8
Phoenix,Phoenix,0.6,Baghdad,0.6,Mexicali,0.6
Pittsburgh,Louisville,0.7,Nashville,0.8,Charlotte,0.8
Podgorica,Jacksonville,0.7,Houston,1.0,Orlando,1.1
Ponta Delgada,Ponta Delgada,0.5,Caracas,0.8,Porto,0.8
Port-au-Prince,Ilorin,0.3,Abuja,0.5,Ogbomosho,0.5
Port-of-Spain,Kananga,0.5,Phnom Penh,0.5,Ibadan,0.5
Port Elizabeth,Port Elizabeth,0.6,Adelaide,0.7,Melbourne,1.0
Port Harcourt,Port Harcourt,0.5,Semarang,0.8,Douala,1.0
Port Louis,Port Louis,0.7,Miami,0.8,Belmopan,0.9
Port Moresby,Phnom Penh,0.3,Porto-Novo,0.5,Managua,0.6
Port Vila,San Jose,0.4,Port Vila,0.7,Colombo,0.9
Portland,San Antonio,0.7,Rosario,0.9,Austin,0.9
Porto,Durban,0.4,Perth,0.7,Caracas,0.8
Porto-Novo,Porto-Novo,0.6,Ho Chi Minh City,0.6,Phnom Penh,0.6
Porto Alegre,Porto Alegre,0.6,Florianopolis,0.7,Kampala,1.2
Prague,Tbilisi,0.3,Novi Sad,0.6,Belgrade,0.8
Praia,Praia,0.4,Dakar,1.2,Luanda,1.3
Pretoria,Pretoria,0.5,Monterrey,0.7,Lobamba,0.7
Pristina,Skopje,0.8,Bursa,1.0,Dallas,1.0
Providence,Atlanta,0.6,Charlotte,0.6,Virginia Beach,0.7
Puebla,Monterrey,0.3,Leon,0.6,Queretaro,0.6
Pune,Bamako,0.4,Ouagadougou,0.5,Kano,0.5
Putrajaya,Putrajaya,0.6,Medan,0.6,Palembang,0.6
Pyongyang,Pyongyang,0.5,Goyang,0.7,Daejeon,0.8
Qingdao,Qingdao,0.8,Thimphu,0.8,Jinan,0.9
Qom,Baghdad,0.3,Mexicali,0.4,Bir Lehlou,0.6
Queretaro,Leon,0.4,Gaborone,0.5,Irbil,0.8
Quetta,Quetta,0.4,Shiraz,0.4,Qom,0.5
Quito,Durban,0.4,Porto,0.6,Xiamen,0.8
Rabat,Gaza,0.5,San Diego,0.5,Tripoli,0.5
Rajshahi,Rajshahi,0.8,Kolkata,0.9,Khulna,1.2
Ramallah,Hargeysa,0.2,Los Angeles,0.4,Queretaro,0.7
Rangoon,Rangoon,1.2,Bissau,1.4,Manila,1.7
Rawalpindi,Islamabad,0.7,Rawalpindi,0.9,Lucknow,1.2
Recife,Lagos,0.6,Recife,0.6,Saint George's,0.7
Reykjavik,Reykjavik,0.6,Belfast,0.8,Stanley,0.9
Richmond,Nashville,0.6,Memphis,0.6,Charlotte,0.8
Riga,Vienna,0.1,Bratislava,0.2,Budapest,0.4
Rio de Janeiro,Vitoria,0.5,Havana,0.5,Noumea,0.7
Riyadh,Medina,0.8,Ahvaz,0.9,Kuwait,0.9
Rome,Adana,0.3,Antalya,0.5,Izmir,0.7
Rosario,San Antonio,0.7,Austin,0.8,Orlando,1.0
Roseau,Benin City,0.5,Joao Pessoa,0.6,Santo Domingo,0.6
Rostov,Skopje,0.8,Almaty,0.9,Canberra,1.0
Rotterdam,Paris,0.7,London,0.8,Leeds,0.8
Sacramento,Irbil,0.3,Mosul,0.4,Torreon,0.4
Saint George's,Lagos,0.4,Kumasi,0.6,Natal,0.6
Saint John's,Port-of-Spain,0.3,Kingston,0.4,Grand Turk,0.5
Salt Lake City,Tashkent,0.8,Las Vegas,0.8,Ashgabat,0.9
Salvador,Recife,0.5,Saint George's,0.6,Maceio,0.7
Samara,Bucharest,0.7,Pristina,0.8,Detroit,0.9
San Antonio,Austin,1.2,San Antonio,1.2,Peshawar,1.3
San Bernardino,Mosul,0.4,Irbil,0.6,Bir Lehlou,0.7
San Diego,Tripoli,0.2,Gaza,0.5,Tijuana,0.5
San Francisco,Rabat,0.6,Lisbon,0.6,Cape Town,0.7
San Jose,Brazzaville,0.3,Kinshasa,0.4,San Salvador,0.4
San Juan,San Juan,0.4,Cali,0.6,Cebu,0.7
San Luis Potosi,Nicosia,0.3,Torreon,0.3,San Bernardino,0.4
San Marino,Bursa,0.7,Tirana,0.8,Rome,0.9
San Salvador,Kaduna,0.7,Zaria,1.0,Naypyidaw,1.0
Sanaa,Windhoek,0.4,Leon,0.6,Aguascalientes,0.6
Santa Cruz,Santa Cruz,0.7,Bangui,0.8,Mbuji-Mayi,0.8
Santiago,Nicosia,0.5,Hims,0.5,Sacramento,0.5
Santo Domingo,Mbuji-Mayi,0.3,Bangui,0.4,Ibadan,0.6
Santos,Port Vila,0.4,Suva,0.7,San Jose,0.8
Sao Luis,Surabaya,0.5,Sao Luis,0.9,Lagos,1.0
Sao Paulo,Sao Paulo,0.5,Miami,0.7,Brisbane,0.8
Sao Tome,Fortaleza,0.4,Brazzaville,0.5,Ho Chi Minh City,0.5
Sapporo,Banja Luka,0.8,New York,0.8,Milan,0.8
Sarajevo,Tirana,0.8,Louisville,0.8,Dallas,0.8
Seattle,San Francisco,0.6,Rome,0.7,Vatican City,0.8
Semarang,Sao Luis,1.0,Benin City,1.1,Jakarta,1.2
Sendai,Tokyo,0.5,Sendai,0.6,Wuhan,0.6
Seoul,Seoul,1.0,Suwon,1.1,Daejeon,1.2
Shanghai,Shanghai,0.5,Osaka,0.6,Rosario,0.7
Shenyeng,Shenyeng,0.8,Jinxi,0.9,Zibo,0.9
Shenzhen,Hong Kong,0.6,Dhaka,0.8,Shenzhen,1.1
Shijianzhuang,Shijianzhuang,0.8,Zibo,1.0,Beijing,1.0
Shiraz,Multan,0.6,Baghdad,0.6,Phoenix,0.9
Singapore,Johor Bahru,0.6,Kuala Lumpur,0.6,Pekanbaru,0.7
Skopje,Austin,1.0,San Antonio,1.1,Salt Lake City,1.1
Sofia,Skopje,0.6,Ankara,0.9,Konya,0.9
Sri Jawewardenepura Kotte,Sri Jawewardenepura Kotte,0.5,Douala,0.8,Colombo,0.8
St. Louis,Dallas,0.9,Louisville,1.2,Nashville,1.2
St. Petersburg,Sofia,0.3,Chisinau,0.3,Bratislava,0.4
Stanley,Stanley,0.6,Reykjavik,0.8,Edinburgh,0.8
Stockholm,Budapest,0.3,Vienna,0.5,Bratislava,0.6
Sucre,Mexico City,0.3,Puebla,0.4,Sucre,0.6
Sukhumi,New Orleans,0.8,Buenos Aires,0.9,Sukhumi,0.9
Surabaya,Ho Chi Minh City,0.8,Phnom Penh,0.8,Bangkok,0.8
Surat,Surat,1.0,Bissau,1.7,Nagpur,1.8
Suva,Pago Pago,0.7,Sri Jawewardenepura Kotte,1.8,Melekeok,1.8
Suwon,Suwon,0.7,Seoul,0.7,Daejeon,0.8
Sydney,Sydney,0.5,Porto,0.9,Durban,1.0
Tabriz,Tashkent,0.3,Ashgabat,0.4,Mashhad,0.5
Taichung,Dhaka,0.3,Haiphong,0.7,Shenzhen,0.8
Tainan,Dhaka,1.0,Tainan,1.4,Hong Kong,1.6
Taipei,Santos,0.8,Port Vila,1.0,San Jose,1.2
Taiyuan,Shijianzhuang,1.0,Taiyuan,1.1,Zhengzhou,1.4
Taizz,Muscat,0.7,Taizz,0.9,Los Angeles,1.0
Tallinn,Bratislava,0.2,Vienna,0.2,Budapest,0.4
Tampa,Tampa,0.5,Orlando,0.6,Asuncion,0.8
Tashkent,Mosul,0.6,Qom,0.6,Torreon,0.6
Tbilisi,Almaty,0.8,Bishkek,0.8,Maseru,1.0
Tegucigalpa,Mandalay,0.5,Bangalore,0.6,Naypyidaw,0.6
Tehran,Shiraz,0.6,San Bernardino,0.6,Mosul,0.6
Tel Aviv-Yafo,Hyderabad,0.9,Karachi,0.9,Taizz,0.9
Teresina,Teresina,0.7,Abuja,1.3,Ilorin,1.6
The Hague,Cardiff,0.6,Paris,0.6,London,0.6
Thimphu,Kathmandu,1.4,Seoul,2.0,Shenzhen,2.0
Tianjin,Tianjin,0.5,Zibo,0.6,Beijing,0.6
Tijuana,Tijuana,0.2,San Diego,0.3,Tripoli,0.4
Tirana,Tirana,0.7,Podgorica,0.9,San Antonio,0.9
Tokyo,Changsha,0.4,Hangzhou,0.5,Wenzhou,0.5
Toluca,Mexico City,0.5,Puebla,0.5,Benoni,0.6
Toronto,"Washington, DC",0.6,St. Louis,0.8,Pittsburgh,0.8
Torreon,Baghdad,0.2,Basra,0.6,Kuwait,0.6
Tripoli,Los Angeles,0.5,Taizz,0.5,Hargeysa,0.7
Tunis,Fez,0.5,Taizz,0.6,Adana,0.6
Turin,Dallas,0.7,Austin,1.0,San Antonio,1.1
Ujungpandang,Libreville,1.5,Mumbai,1.6,Rangoon,1.7
Ulaanbaatar,Ulaanbaatar,0.8,Harbin,1.3,Jilin,1.5
Ulsan,Ulsan,0.6,Busan,0.7,Nanjing,0.8
Urumqi,Urumqi,1.1,Denver,1.1,Lanzhou,1.3
Vaduz,Milan,0.6,Banja Luka,0.8,San Marino,0.9
Valencia,Mandalay,0.5,Bangalore,0.7,Merida,0.8
Valletta,Tel Aviv-Yafo,0.4,Haifa,0.5,Gaza,0.5
Valparaiso,Valparaiso,0.3,Rabat,0.5,Valletta,0.5
Vatican City,Adana,0.3,Antalya,0.5,Izmir,0.6
Vereeniging,Pretoria,0.3,Vereeniging,0.5,Queretaro,0.8
Vienna,Canberra,0.7,Skopje,0.7,Tbilisi,1.0
Vientiane,Kolkata,0.5,Rajshahi,0.7,Vientiane,0.7
Vilnius,Pristina,0.3,Sofia,0.4,Belgrade,0.4
Virginia Beach,Podgorica,0.5,Virginia Beach,0.7,Houston,0.7
Vitoria,Kumasi,0.4,Yamoussoukro,0.4,Havana,0.6
Warsaw,Tbilisi,0.4,Novi Sad,0.4,Bucharest,0.5
"Washington, D.C.",Charlotte,0.4,Nashville,0.4,Louisville,0.6
Wellington,Auckland,0.8,Porto,1.0,Quito,1.1
Wenzhou,Dongguan,0.7,Guangzhou,0.8,Nanchang,1.1
Willemstad,Oranjestad,0.3,Willemstad,0.4,Mogadishu,0.5
Windhoek,Gaborone,0.8,Faisalabad,0.9,Torreon,0.9
Wuhan,Osaka,0.8,Wuhan,0.9,Nanchang,1.0
Xiamen,Xiamen,0.7,Brasilia,0.7,Campinas,0.8
Xian,Maseru,0.6,Bloemfontein,0.7,Vereeniging,0.8
Yamoussoukro,Ilorin,0.4,Ibadan,0.4,Ogbomosho,0.4
Yaounde,Benin City,0.5,Surabaya,0.6,Santo Domingo,0.7
Yekaterinburg,Minneapolis,0.7,Milwaukee,0.8,Samara,0.9
Yerevan,Tashkent,0.5,Ashgabat,0.6,Las Vegas,0.7
Zagreb,Virginia Beach,0.9,Louisville,0.9,Dallas,0.9
Zamboanga,Bangui,0.4,Cebu,0.4,Zamboanga,0.5
Zaria,Abuja,1.1,Teresina,1.1,Ilorin,1.2
Zhengzhou,Zhengzhou,0.6,Maseru,0.9,Shijianzhuang,1.0
Zibo,Shijianzhuang,1.0,Beijing,1.1,Zibo,1.1
Zurich,Milan,0.4,San Marino,0.8,Banja Luka,0.8
